Purchase_ID,Weather,Rating,Feedback
1,Cloudy,4,Poor
2,,1,Average
3,Cloudy,2,Good
4,,3,Bad
5,Sunny,4,Poor
6,Cloudy,5,Poor
7,Cloudy,5,
8,Sunny,2,Bad
9,Sunny,3,Average
10,Sunny,1,Average
11,Sunny,2,
12,Sunny,1,Bad
13,Cloudy,4,Bad
14,Rainy,1,Poor
15,Cloudy,4,Excellent
16,Rainy,3,
17,Sunny,2,Bad
18,Cloudy,1,
19,Rainy,3,Good
20,Sunny,3,Average
21,Cloudy,1,Good
22,Rainy,5,Excellent
23,Cloudy,5,Bad
24,Rainy,4,Excellent
25,Cloudy,3,Good
26,,2,
27,Rainy,2,Bad
28,Cloudy,3,Average
29,Cloudy,5,Excellent
30,Sunny,3,Poor
31,Rainy,4,Average
32,,3,Average
33,Rainy,1,Average
34,,5,
35,Rainy,1,Excellent
36,Rainy,1,Excellent
37,Sunny,3,Bad
38,Sunny,3,Average
39,Rainy,2,Average
40,Cloudy,1,Poor
41,Rainy,3,
42,Cloudy,2,
43,Rainy,1,Average
44,Sunny,2,Poor
45,Sunny,5,Good
46,Cloudy,4,Poor
47,Rainy,1,Poor
48,Cloudy,3,Excellent
49,Sunny,,Bad
50,Rainy,2,Poor
51,,4,Average
52,Sunny,1,Excellent
53,Rainy,4,Good
54,Cloudy,5,Bad
55,Rainy,4,Excellent
56,Sunny,1,Poor
57,Sunny,5,Excellent
58,Sunny,2,Average
59,Sunny,,Average
60,Cloudy,,Average
61,Rainy,1,Bad
62,Rainy,5,Excellent
63,Cloudy,4,Excellent
64,Cloudy,2,Poor
65,Sunny,,Good
66,Rainy,2,Average
67,Rainy,1,Good
68,Rainy,3,Good
69,Cloudy,5,Average
70,Sunny,4,Average
71,Sunny,4,Poor
72,Rainy,5,Bad
73,Sunny,1,
74,Cloudy,2,Good
75,Cloudy,3,Poor
76,Rainy,,Excellent
77,Sunny,1,Poor
78,Cloudy,1,Average
79,Cloudy,3,
80,Cloudy,5,Bad
81,Cloudy,2,Poor
82,Sunny,2,Average
83,Cloudy,5,Good
84,Cloudy,4,Good
85,Sunny,2,Poor
86,Rainy,4,Bad
87,Rainy,5,Poor
88,Cloudy,1,Bad
89,,5,Good
90,Sunny,1,Average
91,Cloudy,5,Excellent
92,Sunny,4,Average
93,Rainy,,Good
94,Rainy,5,
95,Cloudy,1,Average
96,Rainy,5,Average
97,Cloudy,1,Good
98,Cloudy,4,Average
99,Sunny,3,Excellent
100,Rainy,2,Excellent
101,Rainy,4,Poor
102,Cloudy,5,Excellent
103,Cloudy,5,Good
104,Cloudy,,Good
105,Cloudy,2,Poor
106,Sunny,4,Bad
107,Rainy,2,Poor
108,Sunny,2,Bad
109,Rainy,4,Bad
110,,,Average
111,Cloudy,1,Excellent
112,Sunny,1,Bad
113,Sunny,3,Average
114,,2,Poor
115,Cloudy,3,Poor
116,Rainy,1,Bad
117,Rainy,4,Average
118,Sunny,2,Good
119,,4,Excellent
120,Sunny,5,Bad
121,Cloudy,2,Good
122,Rainy,4,Excellent
123,Sunny,,Good
124,Rainy,3,Average
125,Rainy,4,Bad
126,Cloudy,5,Good
127,Cloudy,1,Good
128,Sunny,5,Good
129,Sunny,3,Bad
130,Sunny,5,Average
131,Sunny,4,Average
132,Sunny,4,Good
133,Rainy,1,
134,Rainy,3,Excellent
135,Cloudy,3,Average
136,Cloudy,2,Good
137,Rainy,2,Excellent
138,Cloudy,4,Bad
139,Cloudy,5,Poor
140,Sunny,5,Average
141,Cloudy,1,Excellent
142,Cloudy,3,Poor
143,Cloudy,4,Bad
144,Rainy,5,Poor
145,Rainy,,Bad
146,Sunny,4,Good
147,Cloudy,1,Good
148,Rainy,4,Bad
149,Sunny,5,Poor
150,Cloudy,1,Average
151,Sunny,2,Poor
152,Sunny,2,Poor
153,Cloudy,5,Average
154,Rainy,1,Poor
155,Cloudy,2,Poor
156,Cloudy,1,
157,Cloudy,,Bad
158,Rainy,3,Good
159,Cloudy,3,Bad
160,Rainy,,Poor
161,,2,Average
162,Rainy,5,Average
163,Sunny,3,Good
164,Sunny,5,Good
165,Cloudy,3,Good
166,Rainy,4,Average
167,Sunny,3,Poor
168,Sunny,5,Good
169,Rainy,2,Good
170,Rainy,4,Average
171,Sunny,,Poor
172,Sunny,1,Good
173,Rainy,3,Poor
174,Rainy,4,Excellent
175,Sunny,2,Good
176,Cloudy,,Good
177,Rainy,3,Average
178,,4,Excellent
179,,5,Excellent
180,Cloudy,3,Excellent
181,,4,
182,,3,Average
183,Cloudy,4,Average
184,Rainy,5,Good
185,Cloudy,3,Average
186,Sunny,4,Good
187,Cloudy,1,
188,Sunny,2,Bad
189,Sunny,4,Average
190,,4,Average
191,Cloudy,,Bad
192,Sunny,3,Bad
193,Cloudy,2,Average
194,Rainy,3,
195,Rainy,4,Good
196,Cloudy,4,
197,Cloudy,2,Good
198,Rainy,1,
199,Sunny,3,Excellent
200,Sunny,1,
201,,4,Bad
202,Sunny,4,Excellent
203,Cloudy,5,Bad
204,Cloudy,5,Bad
205,Rainy,1,Good
206,Rainy,5,Bad
207,Rainy,2,Poor
208,Rainy,1,Good
209,Sunny,5,Poor
210,Sunny,5,Bad
211,,2,Excellent
212,Cloudy,2,Bad
213,Cloudy,1,Poor
214,Rainy,3,Average
215,Rainy,2,Average
216,Sunny,5,Excellent
217,Sunny,1,Poor
218,Sunny,3,Excellent
219,,1,Good
220,Sunny,5,Bad
221,Rainy,3,Good
222,Rainy,3,Average
223,Cloudy,2,Bad
224,Cloudy,4,Good
225,Rainy,5,Average
226,Sunny,4,Good
227,Rainy,5,Bad
228,Rainy,1,Good
229,Rainy,4,Bad
230,Rainy,3,Good
231,Cloudy,2,Excellent
232,Cloudy,5,Good
233,Rainy,2,Good
234,Cloudy,5,Excellent
235,Cloudy,3,Average
236,Sunny,3,Bad
237,Cloudy,3,Poor
238,Cloudy,3,Average
239,Rainy,3,Bad
240,Cloudy,2,Good
241,Cloudy,1,Average
242,,4,Good
243,Rainy,2,Average
244,Rainy,4,
245,Cloudy,1,Poor
246,Rainy,5,Excellent
247,Rainy,1,Average
248,Sunny,1,
249,Cloudy,,Poor
250,Sunny,4,Average
251,Cloudy,3,Excellent
252,Cloudy,5,Good
253,Sunny,,Poor
254,Sunny,1,Bad
255,Cloudy,5,
256,Sunny,2,Bad
257,Sunny,3,Bad
258,Rainy,1,Poor
259,Cloudy,4,Poor
260,Rainy,4,Poor
261,Cloudy,4,Bad
262,Rainy,4,Good
263,Cloudy,4,Poor
264,Rainy,1,Excellent
265,Cloudy,2,Poor
266,Rainy,2,Poor
267,Sunny,4,Poor
268,,2,Bad
269,Sunny,3,Good
270,Rainy,2,Poor
271,Cloudy,5,Bad
272,,4,Excellent
273,,5,Good
274,Sunny,,Bad
275,Cloudy,4,Average
276,Rainy,1,Excellent
277,Sunny,2,Excellent
278,Sunny,3,Average
279,Sunny,1,Bad
280,Sunny,3,Bad
281,Rainy,4,Excellent
282,Rainy,2,Bad
283,Rainy,1,Average
284,Cloudy,4,Bad
285,,1,Excellent
286,Sunny,,Bad
287,Rainy,2,Good
288,Sunny,2,Average
289,Rainy,4,Average
290,Cloudy,4,Poor
291,Sunny,4,Bad
292,Rainy,2,Average
293,Rainy,5,Bad
294,Rainy,2,Good
295,Sunny,4,Excellent
296,Cloudy,3,Excellent
297,Rainy,5,Poor
298,,2,Poor
299,Rainy,3,
300,Sunny,5,Average
301,Cloudy,2,Average
302,Rainy,4,Good
303,Sunny,2,Poor
304,Rainy,5,Poor
305,Sunny,4,Excellent
306,,1,
307,Cloudy,3,
308,Sunny,4,Good
309,Cloudy,4,Average
310,Rainy,5,Good
311,Cloudy,5,Bad
312,Rainy,3,Excellent
313,Cloudy,,Excellent
314,Cloudy,4,Excellent
315,Rainy,3,Average
316,Cloudy,3,
317,Rainy,2,Average
318,Rainy,4,Excellent
319,Cloudy,4,Excellent
320,Cloudy,5,Excellent
321,Rainy,4,Bad
322,Sunny,5,Bad
323,Cloudy,4,Excellent
324,Cloudy,2,Average
325,,4,Average
326,Sunny,2,Bad
327,Cloudy,4,Bad
328,Cloudy,4,Excellent
329,Cloudy,1,Excellent
330,Sunny,4,Average
331,Cloudy,,Poor
332,Sunny,3,Average
333,,2,
334,Rainy,4,Excellent
335,Sunny,5,Poor
336,Rainy,1,Poor
337,,5,Excellent
338,Sunny,1,Good
339,,1,Excellent
340,Rainy,5,Bad
341,Rainy,4,Poor
342,Rainy,2,Excellent
343,Rainy,5,Average
344,Rainy,3,Average
345,Rainy,1,Average
346,Sunny,2,
347,Sunny,3,Good
348,Rainy,2,Bad
349,Cloudy,4,Average
350,Rainy,3,Excellent
351,Cloudy,5,Good
352,Sunny,2,Poor
353,Sunny,5,Poor
354,Cloudy,,Bad
355,Sunny,2,Excellent
356,Rainy,2,Excellent
357,Cloudy,1,Average
358,Cloudy,1,Good
359,Sunny,3,Bad
360,Cloudy,3,Good
361,Cloudy,3,Bad
362,Cloudy,1,Excellent
363,Sunny,5,Excellent
364,Cloudy,4,Bad
365,Cloudy,4,Good
366,Rainy,2,Poor
367,,1,Poor
368,Cloudy,,Average
369,Sunny,4,Average
370,Cloudy,2,
371,Sunny,1,Excellent
372,Rainy,1,Good
373,Rainy,1,Bad
374,Cloudy,4,Poor
375,Sunny,1,Average
376,Sunny,3,Good
377,Sunny,3,Good
378,Cloudy,,Bad
379,Sunny,3,Excellent
380,,1,Excellent
381,Sunny,4,Poor
382,Sunny,3,Average
383,Cloudy,4,Excellent
384,Cloudy,3,Excellent
385,Cloudy,5,Excellent
386,Cloudy,5,Good
387,,4,Excellent
388,Sunny,3,Bad
389,Sunny,5,Poor
390,Cloudy,1,Excellent
391,Cloudy,2,Average
392,,5,Good
393,Cloudy,5,Bad
394,Rainy,1,Poor
395,Sunny,5,Good
396,Rainy,5,Bad
397,Sunny,5,Good
398,Sunny,3,Poor
399,,5,Poor
400,Sunny,2,Excellent
401,Sunny,3,Average
402,Sunny,3,Excellent
403,Sunny,4,Good
404,Cloudy,5,Excellent
405,Cloudy,2,Poor
406,Cloudy,2,Poor
407,Rainy,4,Poor
408,Sunny,2,Excellent
409,Cloudy,3,Bad
410,Cloudy,1,Excellent
411,,3,Excellent
412,Sunny,1,Excellent
413,Sunny,2,Excellent
414,Rainy,,Poor
415,Rainy,1,Average
416,Sunny,3,Excellent
417,Rainy,3,Excellent
418,Cloudy,3,Average
419,Rainy,3,Excellent
420,Cloudy,4,
421,Rainy,2,Poor
422,Cloudy,5,Bad
423,Rainy,4,Excellent
424,Rainy,2,Bad
425,Sunny,1,Excellent
426,Sunny,4,Good
427,,4,Good
428,Sunny,4,Poor
429,Cloudy,4,Bad
430,Sunny,,Bad
431,Sunny,3,Average
432,Cloudy,4,Average
433,Rainy,2,Excellent
434,Cloudy,3,Average
435,,1,Average
436,Cloudy,5,Bad
437,Sunny,1,Good
438,Sunny,5,Bad
439,Sunny,2,Average
440,Cloudy,5,
441,Rainy,4,Good
442,Rainy,3,Average
443,Cloudy,3,Average
444,Cloudy,,Excellent
445,Rainy,3,Excellent
446,Sunny,1,Average
447,Cloudy,4,Average
448,Rainy,4,Bad
449,,3,Poor
450,Rainy,5,
451,Sunny,,
452,Rainy,5,Bad
453,Rainy,1,Good
454,Rainy,4,Good
455,,4,Good
456,Cloudy,1,Excellent
457,Cloudy,2,Poor
458,Rainy,4,Poor
459,Rainy,5,Bad
460,Sunny,1,Good
461,Rainy,4,Good
462,,5,Average
463,Rainy,1,Bad
464,Sunny,1,
465,Cloudy,1,
466,Rainy,2,Excellent
467,Sunny,1,Bad
468,Cloudy,3,Poor
469,Cloudy,3,
470,Rainy,1,Poor
471,Sunny,4,Excellent
472,Sunny,,Bad
473,Sunny,5,Poor
474,Cloudy,5,Average
475,Sunny,4,Average
476,Cloudy,5,Bad
477,Sunny,,Good
478,Cloudy,5,Bad
479,Rainy,1,Excellent
480,Cloudy,5,Excellent
481,,1,Average
482,Cloudy,5,Poor
483,Sunny,,Average
484,Rainy,5,Poor
485,Cloudy,1,Bad
486,,5,Good
487,Cloudy,5,Excellent
488,Cloudy,2,Bad
489,Rainy,1,Average
490,Rainy,3,Bad
491,Cloudy,4,Good
492,Cloudy,2,Poor
493,Cloudy,5,Good
494,Rainy,3,
495,Sunny,,Good
496,Rainy,5,Excellent
497,Cloudy,5,
498,Cloudy,2,Bad
499,Rainy,1,Poor
500,Cloudy,2,
501,Cloudy,1,Excellent
502,Cloudy,3,Excellent
503,Cloudy,4,Average
504,Cloudy,5,Average
505,Sunny,2,Bad
506,Rainy,3,Poor
507,Rainy,2,Good
508,Rainy,1,Bad
509,Sunny,5,Average
510,Sunny,,Bad
511,Rainy,1,
512,Rainy,1,Bad
513,Rainy,3,Excellent
514,Cloudy,5,Good
515,Sunny,4,Average
516,Sunny,2,Average
517,Cloudy,1,Poor
518,Sunny,5,
519,Rainy,2,Poor
520,Sunny,5,Average
521,Cloudy,2,Excellent
522,Rainy,5,Good
523,Sunny,4,Poor
524,Rainy,5,Average
525,Sunny,5,Excellent
526,,1,Poor
527,Cloudy,1,Poor
528,Cloudy,1,
529,Sunny,5,
530,Sunny,4,Bad
531,Rainy,2,Poor
532,Cloudy,1,Bad
533,Rainy,,Average
534,,5,Good
535,,4,Excellent
536,,4,Poor
537,Rainy,1,Poor
538,Sunny,1,Bad
539,Cloudy,3,Good
540,,3,Bad
541,Sunny,1,Poor
542,Rainy,2,Good
543,,1,Poor
544,Sunny,1,Good
545,Rainy,4,Poor
546,Cloudy,1,Excellent
547,Cloudy,1,Bad
548,Sunny,1,Good
549,,2,Bad
550,Sunny,4,Good
551,Cloudy,5,Good
552,Sunny,5,Good
553,Rainy,5,Poor
554,Cloudy,5,Average
555,Rainy,4,Poor
556,Rainy,1,Average
557,Cloudy,5,Poor
558,Rainy,1,
559,Rainy,5,Good
560,Rainy,2,Good
561,Cloudy,1,Average
562,,4,Average
563,Sunny,,Bad
564,Sunny,2,Good
565,Rainy,4,Poor
566,,2,Bad
567,Sunny,1,Average
568,Cloudy,3,Poor
569,Rainy,3,Excellent
570,Cloudy,5,Excellent
571,Rainy,,Excellent
572,,1,Poor
573,Cloudy,4,Average
574,Cloudy,1,Poor
575,Sunny,5,Bad
576,Sunny,2,Bad
577,Rainy,1,Excellent
578,Rainy,1,Average
579,Sunny,4,Bad
580,Sunny,5,Good
581,Cloudy,1,Good
582,Cloudy,2,Excellent
583,Rainy,2,Excellent
584,Cloudy,3,Excellent
585,Sunny,5,Bad
586,Sunny,2,Average
587,Sunny,,Excellent
588,Sunny,5,Poor
589,,2,Excellent
590,Sunny,1,Bad
591,Sunny,5,
592,Sunny,2,
593,Sunny,1,Good
594,Rainy,3,Excellent
595,Rainy,5,Excellent
596,Cloudy,5,Average
597,Rainy,2,Poor
598,Rainy,3,Excellent
599,Rainy,4,Excellent
600,Cloudy,2,Bad
601,Sunny,2,Average
602,,4,Bad
603,Sunny,4,
604,Rainy,4,Excellent
605,Sunny,4,Good
606,Cloudy,4,Bad
607,Sunny,1,Average
608,Sunny,1,Excellent
609,Rainy,4,Good
610,Sunny,3,Good
611,Sunny,,Poor
612,Rainy,4,Average
613,Cloudy,1,Good
614,Rainy,3,Average
615,Sunny,,
616,Rainy,2,Poor
617,Rainy,1,Average
618,Sunny,4,Poor
619,Cloudy,5,Average
620,Rainy,4,Average
621,Cloudy,2,Bad
622,Rainy,1,Poor
623,Sunny,3,Average
624,Sunny,4,Bad
625,Rainy,3,
626,Rainy,,Poor
627,Rainy,2,Excellent
628,Sunny,4,Poor
629,Rainy,3,Average
630,Sunny,4,
631,Rainy,4,Poor
632,Sunny,3,Poor
633,Rainy,2,Poor
634,Cloudy,4,Poor
635,Cloudy,,Excellent
636,Sunny,2,Average
637,Rainy,1,Bad
638,Cloudy,3,Poor
639,Rainy,1,Bad
640,Rainy,5,Bad
641,Rainy,1,Bad
642,Cloudy,4,Poor
643,Sunny,4,Poor
644,Cloudy,4,Poor
645,Sunny,5,Poor
646,Cloudy,2,
647,Rainy,4,Average
648,Rainy,1,Good
649,Rainy,2,Excellent
650,Cloudy,1,Good
651,,,
652,Sunny,4,Good
653,Cloudy,1,Average
654,Sunny,5,Bad
655,Cloudy,2,Excellent
656,Rainy,4,Excellent
657,Cloudy,4,Average
658,Rainy,1,Good
659,Cloudy,1,Bad
660,Sunny,3,Poor
661,Cloudy,3,Average
662,Rainy,4,Bad
663,Cloudy,4,Average
664,Sunny,1,
665,Sunny,5,Poor
666,Sunny,5,Bad
667,Sunny,,Good
668,Cloudy,3,Bad
669,Sunny,3,Bad
670,Cloudy,5,Good
671,Cloudy,4,
672,Cloudy,1,Bad
673,,4,Good
674,Sunny,3,Average
675,,5,Average
676,Cloudy,4,Good
677,Cloudy,3,Average
678,Rainy,3,Bad
679,Rainy,3,Good
680,Sunny,,Bad
681,Rainy,2,Excellent
682,Cloudy,5,Poor
683,Cloudy,3,Poor
684,Sunny,,Poor
685,Sunny,1,Good
686,Rainy,5,Excellent
687,Cloudy,1,Poor
688,Sunny,1,Bad
689,Sunny,4,Poor
690,Rainy,2,Excellent
691,Sunny,4,Bad
692,Rainy,,Bad
693,Cloudy,5,Good
694,Rainy,4,Good
695,,5,Average
696,Rainy,3,Excellent
697,Rainy,5,Bad
698,Cloudy,4,Excellent
699,Rainy,3,Poor
700,Sunny,,Poor
701,Sunny,2,Average
702,Cloudy,4,Bad
703,Cloudy,1,Bad
704,Cloudy,4,Average
705,Sunny,1,Poor
706,,2,Bad
707,Sunny,4,Excellent
708,Sunny,,Bad
709,Cloudy,1,Poor
710,Cloudy,5,Bad
711,Rainy,4,Bad
712,,3,Good
713,Rainy,3,Bad
714,Rainy,2,Average
715,Sunny,5,Average
716,Rainy,3,Excellent
717,Sunny,3,
718,Sunny,4,Excellent
719,Rainy,3,Poor
720,Rainy,,Poor
721,Sunny,2,Good
722,Cloudy,3,Good
723,Rainy,4,Bad
724,Cloudy,1,Bad
725,Sunny,3,Excellent
726,Cloudy,2,Excellent
727,Sunny,2,Bad
728,Cloudy,2,Bad
729,Cloudy,3,Good
730,Cloudy,1,Good
731,Sunny,5,Good
732,Sunny,2,Bad
733,Sunny,,Excellent
734,Rainy,4,Average
735,Sunny,4,Average
736,Rainy,1,Excellent
737,Sunny,4,Excellent
738,Rainy,4,Excellent
739,Cloudy,2,Good
740,Cloudy,3,Poor
741,Sunny,3,Bad
742,Rainy,3,Good
743,Cloudy,3,Average
744,Cloudy,1,Bad
745,,2,Excellent
746,Sunny,1,Average
747,Cloudy,4,Excellent
748,Sunny,2,Excellent
749,Sunny,5,Excellent
750,Rainy,,Bad
751,Rainy,4,Average
752,,3,Average
753,Rainy,3,Excellent
754,Cloudy,,Good
755,Cloudy,5,Poor
756,Cloudy,4,Good
757,Sunny,3,Bad
758,Sunny,,Poor
759,Rainy,2,Good
760,Rainy,3,Average
761,Cloudy,2,Good
762,Cloudy,,Excellent
763,Sunny,4,Bad
764,Sunny,4,Good
765,Cloudy,2,
766,Cloudy,5,Poor
767,Rainy,5,Excellent
768,Cloudy,3,Poor
769,Cloudy,4,Bad
770,Cloudy,1,Bad
771,Sunny,3,Excellent
772,Sunny,,Poor
773,Rainy,5,Excellent
774,Rainy,4,Poor
775,Rainy,2,Average
776,Cloudy,3,Excellent
777,,2,Bad
778,,5,
779,Cloudy,,Average
780,Cloudy,5,Bad
781,Sunny,4,Poor
782,Rainy,1,Average
783,Cloudy,2,
784,,3,Bad
785,Sunny,4,
786,Rainy,1,Bad
787,Sunny,,
788,Rainy,2,
789,Rainy,4,Bad
790,Rainy,3,Good
791,Rainy,3,Average
792,Rainy,3,Good
793,Sunny,5,Poor
794,Cloudy,5,Bad
795,Rainy,4,Excellent
796,Rainy,3,Excellent
797,Cloudy,1,Good
798,Cloudy,3,Good
799,,,Good
800,Cloudy,,Poor
801,Rainy,2,Poor
802,,3,Bad
803,Cloudy,1,Poor
804,Cloudy,4,Bad
805,Sunny,4,Bad
806,Cloudy,1,Good
807,Sunny,4,Excellent
808,Rainy,3,Good
809,Cloudy,4,Poor
810,Cloudy,3,Average
811,,4,Poor
812,Rainy,3,Excellent
813,Rainy,3,Poor
814,Sunny,1,Excellent
815,Cloudy,1,Average
816,Cloudy,5,Average
817,Sunny,1,Bad
818,Sunny,3,Poor
819,Sunny,3,Bad
820,Cloudy,4,Good
821,Sunny,4,Good
822,Rainy,5,Good
823,Sunny,3,Good
824,Rainy,5,Good
825,Rainy,,Poor
826,,1,Bad
827,Rainy,4,Bad
828,,5,Excellent
829,Sunny,,Good
830,Cloudy,3,
831,Cloudy,1,Excellent
832,Rainy,2,Excellent
833,Cloudy,1,Poor
834,Cloudy,1,Excellent
835,Sunny,3,Average
836,Sunny,1,Bad
837,Cloudy,5,Excellent
838,Rainy,2,Poor
839,Rainy,1,Good
840,Sunny,1,Average
841,Sunny,4,Good
842,Sunny,4,Excellent
843,Rainy,5,Bad
844,Sunny,4,Poor
845,Cloudy,1,Average
846,,1,Bad
847,Cloudy,2,Average
848,Sunny,4,Poor
849,Rainy,,Poor
850,Sunny,4,Excellent
851,Rainy,,Average
852,Sunny,2,Excellent
853,Rainy,4,Average
854,Rainy,2,Average
855,Rainy,4,Good
856,Cloudy,5,Excellent
857,Sunny,1,Average
858,Sunny,1,Average
859,Rainy,3,
860,,1,Good
861,Rainy,3,Poor
862,Sunny,1,Excellent
863,Sunny,4,Excellent
864,Rainy,4,Average
865,Rainy,5,Bad
866,Rainy,4,Poor
867,Sunny,,
868,Rainy,4,Average
869,Rainy,3,
870,Sunny,5,Poor
871,Rainy,2,Average
872,Cloudy,2,Good
873,Sunny,,Bad
874,Rainy,3,Poor
875,Rainy,4,Poor
876,Sunny,4,Poor
877,Sunny,1,Average
878,Cloudy,4,Average
879,Rainy,2,Poor
880,Rainy,,Poor
881,Rainy,4,Good
882,Sunny,2,Excellent
883,Sunny,3,Good
884,Sunny,3,Poor
885,Rainy,2,Average
886,Rainy,2,Average
887,Sunny,5,
888,Cloudy,5,
889,,4,Bad
890,Cloudy,4,Bad
891,Sunny,5,Good
892,Rainy,4,Excellent
893,Cloudy,3,Bad
894,Rainy,3,Excellent
895,Cloudy,1,Average
896,Rainy,5,Average
897,Cloudy,3,Excellent
898,Cloudy,1,Poor
899,Sunny,2,Bad
900,Sunny,3,Bad
901,Cloudy,1,Average
902,Rainy,4,Good
903,Cloudy,1,Bad
904,Rainy,3,Average
905,Rainy,4,Average
906,Rainy,4,
907,Rainy,1,Excellent
908,,1,Excellent
909,Cloudy,3,Good
910,Rainy,4,Bad
911,Sunny,5,Good
912,Rainy,1,
913,Rainy,5,Excellent
914,Sunny,5,Average
915,Sunny,4,Poor
916,Rainy,3,Average
917,Cloudy,5,Average
918,Sunny,3,Average
919,Cloudy,1,Average
920,Rainy,4,
921,Rainy,2,Excellent
922,Rainy,4,Excellent
923,Rainy,2,Average
924,Rainy,,Poor
925,Rainy,3,Bad
926,Cloudy,1,Average
927,Sunny,4,Average
928,Rainy,2,Poor
929,Sunny,2,
930,Cloudy,,Average
931,Rainy,4,Poor
932,Rainy,1,Good
933,Sunny,5,
934,Sunny,2,Average
935,Sunny,4,Good
936,Rainy,1,Average
937,Sunny,,Average
938,Sunny,3,Excellent
939,Cloudy,,Bad
940,Rainy,5,Bad
941,Rainy,3,Excellent
942,Rainy,3,Average
943,Sunny,1,Poor
944,Cloudy,2,
945,Sunny,4,Excellent
946,Rainy,5,
947,Sunny,3,Excellent
948,Rainy,2,Excellent
949,Sunny,3,Bad
950,,4,Average
951,Rainy,4,Excellent
952,,1,Excellent
953,Rainy,4,Excellent
954,Sunny,4,Poor
955,Sunny,4,Poor
956,Sunny,2,Good
957,Rainy,5,Average
958,Sunny,5,Excellent
959,Sunny,4,Good
960,Cloudy,5,Good
961,Cloudy,4,Average
962,Rainy,5,Poor
963,Rainy,5,Average
964,Rainy,,Good
965,Rainy,,
966,Sunny,3,Poor
967,Sunny,,Good
968,Rainy,5,Average
969,Rainy,1,Excellent
970,Cloudy,1,Excellent
971,Rainy,2,Average
972,Cloudy,4,Average
973,Rainy,5,Poor
974,Rainy,2,Good
975,Sunny,3,Average
976,Rainy,5,Good
977,Cloudy,3,
978,Sunny,2,Good
979,Cloudy,1,Bad
980,Rainy,,Poor
981,Sunny,5,Poor
982,Cloudy,5,Good
983,Rainy,4,Poor
984,Cloudy,1,Good
985,Rainy,5,Good
986,Cloudy,1,Excellent
987,Rainy,5,Good
988,Cloudy,1,Poor
989,Sunny,2,Bad
990,Rainy,1,Average
991,Rainy,3,Poor
992,Cloudy,2,Bad
993,Rainy,5,Poor
994,Sunny,5,Bad
995,Cloudy,4,Poor
996,Cloudy,3,Average
997,Cloudy,4,Excellent
998,Sunny,2,Excellent
999,Sunny,4,Average
1000,Rainy,2,Poor
1001,Cloudy,4,Bad
1002,Sunny,1,Good
1003,Rainy,2,Poor
1004,Sunny,2,
1005,Sunny,,Excellent
1006,Sunny,1,Excellent
1007,Rainy,3,Poor
1008,Sunny,1,Bad
1009,Sunny,4,Average
1010,Sunny,1,Average
1011,Cloudy,1,Bad
1012,Sunny,2,Bad
1013,Cloudy,2,Poor
1014,Sunny,1,Poor
1015,Cloudy,3,Excellent
1016,Sunny,2,Excellent
1017,Cloudy,4,Bad
1018,Cloudy,4,Good
1019,Cloudy,1,Good
1020,Sunny,1,Good
1021,Rainy,3,
1022,Cloudy,1,Poor
1023,Cloudy,5,Bad
1024,Cloudy,5,Excellent
1025,Cloudy,1,Good
1026,Cloudy,5,Excellent
1027,Rainy,4,
1028,Sunny,1,Bad
1029,Rainy,4,Good
1030,Sunny,4,Good
1031,Rainy,5,Bad
1032,Sunny,3,Excellent
1033,Cloudy,4,Poor
1034,Sunny,,Poor
1035,Sunny,3,Poor
1036,Cloudy,,Excellent
1037,Cloudy,5,Excellent
1038,Sunny,1,Good
1039,Sunny,2,Excellent
1040,Cloudy,3,Average
1041,Rainy,5,Bad
1042,Cloudy,4,Excellent
1043,Sunny,4,
1044,Sunny,2,Excellent
1045,Sunny,3,Good
1046,Cloudy,1,Bad
1047,Cloudy,3,Bad
1048,Rainy,4,Poor
1049,Sunny,4,Bad
1050,Sunny,1,Average
1051,Cloudy,,Bad
1052,Sunny,4,Poor
1053,Rainy,,
1054,Cloudy,5,Excellent
1055,Sunny,1,Good
1056,Cloudy,5,Excellent
1057,Cloudy,1,Average
1058,Rainy,3,Average
1059,Cloudy,,Good
1060,Sunny,,Good
1061,Rainy,1,Good
1062,Cloudy,1,Good
1063,Sunny,5,Bad
1064,Cloudy,5,Excellent
1065,Cloudy,5,Average
1066,Rainy,2,Bad
1067,,1,Good
1068,,3,Poor
1069,Rainy,3,Poor
1070,Sunny,2,Excellent
1071,Cloudy,2,Average
1072,Rainy,3,Average
1073,Sunny,1,Excellent
1074,Rainy,3,Good
1075,Cloudy,3,Good
1076,Rainy,2,Average
1077,Cloudy,2,Average
1078,Cloudy,5,Average
1079,Sunny,2,Good
1080,Rainy,3,Poor
1081,Rainy,5,Excellent
1082,,3,Excellent
1083,Rainy,1,Bad
1084,Cloudy,1,Bad
1085,Sunny,2,Poor
1086,Rainy,5,Average
1087,Cloudy,4,Poor
1088,Rainy,1,Bad
1089,Rainy,1,Bad
1090,Sunny,1,Excellent
1091,Cloudy,1,Poor
1092,Sunny,2,Good
1093,Sunny,5,Bad
1094,Sunny,1,Excellent
1095,Cloudy,2,Average
1096,Cloudy,5,Poor
1097,Rainy,5,Bad
1098,Cloudy,4,Good
1099,Sunny,,Bad
1100,Cloudy,1,Good
1101,Rainy,2,Poor
1102,Sunny,5,Good
1103,Rainy,4,Good
1104,Cloudy,3,Excellent
1105,Rainy,5,Poor
1106,Rainy,5,Bad
1107,Cloudy,1,Average
1108,Rainy,3,Poor
1109,Cloudy,3,Poor
1110,Sunny,2,Average
1111,Rainy,4,Bad
1112,Sunny,2,Excellent
1113,Cloudy,4,Bad
1114,Cloudy,2,Average
1115,Rainy,4,Bad
1116,Rainy,1,Poor
1117,,4,Excellent
1118,Cloudy,2,
1119,Sunny,3,Bad
1120,Sunny,5,Good
1121,Rainy,4,Excellent
1122,Rainy,4,Good
1123,Rainy,3,
1124,Rainy,1,Average
1125,Rainy,2,Poor
1126,Rainy,1,Poor
1127,Rainy,,Good
1128,Rainy,4,Poor
1129,,1,
1130,Cloudy,2,Average
1131,Cloudy,,Good
1132,Rainy,4,Average
1133,Cloudy,1,Average
1134,Rainy,5,Excellent
1135,Sunny,3,Good
1136,Rainy,4,Average
1137,Sunny,2,Bad
1138,Sunny,5,Poor
1139,Sunny,1,Good
1140,Rainy,1,Excellent
1141,Sunny,2,Average
1142,Rainy,5,Bad
1143,Sunny,2,Poor
1144,Sunny,4,Poor
1145,Cloudy,5,Bad
1146,Rainy,3,Good
1147,Cloudy,3,Poor
1148,Sunny,2,Poor
1149,Cloudy,3,Poor
1150,Sunny,2,Average
1151,Cloudy,4,Average
1152,Cloudy,4,Poor
1153,Rainy,2,Excellent
1154,Rainy,,Poor
1155,Cloudy,3,Good
1156,,4,Excellent
1157,Rainy,3,Good
1158,Sunny,3,Bad
1159,Sunny,1,Bad
1160,,4,Average
1161,Sunny,4,Average
1162,Cloudy,2,Average
1163,Sunny,2,Bad
1164,Cloudy,5,Good
1165,,3,Excellent
1166,Sunny,1,Average
1167,Sunny,3,
1168,Sunny,4,Average
1169,Rainy,5,Poor
1170,Cloudy,3,Excellent
1171,Sunny,5,Good
1172,Rainy,3,Average
1173,Cloudy,4,Poor
1174,Cloudy,4,Poor
1175,Cloudy,3,Excellent
1176,Sunny,1,Bad
1177,Sunny,4,Bad
1178,Cloudy,2,Average
1179,Cloudy,1,Average
1180,Rainy,3,Bad
1181,Rainy,1,Good
1182,Cloudy,2,Good
1183,Rainy,4,Poor
1184,,4,Excellent
1185,Rainy,4,Good
1186,Cloudy,2,Average
1187,Sunny,1,Good
1188,Cloudy,3,Excellent
1189,Sunny,3,Average
1190,Cloudy,1,Excellent
1191,,4,Bad
1192,Rainy,3,
1193,Sunny,4,Excellent
1194,Rainy,5,
1195,Cloudy,5,Average
1196,Rainy,3,Excellent
1197,Rainy,1,Excellent
1198,Rainy,1,Poor
1199,Cloudy,1,Average
1200,Sunny,4,Excellent
1201,Rainy,5,Good
1202,Cloudy,4,Excellent
1203,Rainy,2,Good
1204,Sunny,2,Bad
1205,Rainy,3,Bad
1206,Rainy,2,Average
1207,Rainy,1,Average
1208,Sunny,3,
1209,Sunny,5,Average
1210,,5,Good
1211,Rainy,2,Good
1212,Rainy,2,Poor
1213,Rainy,5,Average
1214,Rainy,2,Average
1215,Sunny,2,Poor
1216,Sunny,4,Excellent
1217,Rainy,5,Good
1218,Rainy,5,Excellent
1219,Rainy,2,Poor
1220,Rainy,1,
1221,Cloudy,4,Excellent
1222,Cloudy,1,Average
1223,Rainy,2,Poor
1224,,5,Bad
1225,Rainy,1,Average
1226,Cloudy,,Excellent
1227,Sunny,1,Excellent
1228,Cloudy,5,Poor
1229,Cloudy,2,Excellent
1230,Rainy,1,Good
1231,Rainy,2,Average
1232,Sunny,4,Good
1233,Rainy,3,Poor
1234,Rainy,5,Good
1235,Sunny,5,Good
1236,Rainy,2,Average
1237,Rainy,3,Average
1238,Rainy,5,Bad
1239,Cloudy,1,Good
1240,Rainy,5,Average
1241,Cloudy,1,Good
1242,Rainy,5,Good
1243,Rainy,1,Poor
1244,Cloudy,4,Poor
1245,Cloudy,2,Good
1246,Rainy,4,Poor
1247,Sunny,1,Average
1248,Rainy,2,Good
1249,Cloudy,3,Poor
1250,Rainy,1,Average
1251,Rainy,5,Good
1252,Cloudy,5,Good
1253,Sunny,3,Poor
1254,Sunny,4,Average
1255,Cloudy,1,
1256,Cloudy,,Good
1257,Rainy,2,Bad
1258,Cloudy,3,Good
1259,Cloudy,4,Bad
1260,Rainy,4,Bad
1261,Rainy,2,Average
1262,Rainy,2,Excellent
1263,Sunny,3,Bad
1264,Sunny,2,Average
1265,Cloudy,5,Poor
1266,Rainy,4,Bad
1267,Cloudy,2,Excellent
1268,Cloudy,1,Poor
1269,,,Bad
1270,Sunny,4,Bad
1271,Cloudy,5,
1272,Rainy,2,Good
1273,Sunny,5,Excellent
1274,Sunny,1,Average
1275,Sunny,4,Average
1276,Cloudy,3,Excellent
1277,Sunny,4,Excellent
1278,Rainy,3,Excellent
1279,Sunny,3,Excellent
1280,Cloudy,4,Excellent
1281,Cloudy,,Bad
1282,Cloudy,5,Poor
1283,,1,Average
1284,Rainy,2,
1285,Cloudy,3,Poor
1286,Sunny,3,Excellent
1287,Rainy,,Poor
1288,Cloudy,5,Excellent
1289,Cloudy,2,Average
1290,Rainy,3,Good
1291,Sunny,5,
1292,Rainy,2,Average
1293,Sunny,4,Good
1294,Sunny,3,Poor
1295,Cloudy,,Bad
1296,Rainy,4,Excellent
1297,Rainy,3,Excellent
1298,Cloudy,5,Average
1299,Cloudy,,Good
1300,Sunny,4,
1301,Cloudy,4,Average
1302,Rainy,1,Poor
1303,Cloudy,2,Excellent
1304,Cloudy,4,Bad
1305,Cloudy,4,Good
1306,Cloudy,2,Bad
1307,Cloudy,3,Good
1308,Sunny,5,Excellent
1309,Cloudy,3,Poor
1310,Cloudy,2,Bad
1311,,,Good
1312,Cloudy,1,Average
1313,Rainy,1,Excellent
1314,Rainy,,
1315,Rainy,,Average
1316,Rainy,2,Poor
1317,,1,Good
1318,Sunny,3,Average
1319,Rainy,1,Poor
1320,Sunny,3,Excellent
1321,Sunny,1,Bad
1322,Cloudy,3,Bad
1323,Sunny,1,Average
1324,Rainy,1,Excellent
1325,Rainy,5,Excellent
1326,Rainy,4,Poor
1327,Rainy,2,Average
1328,,4,Excellent
1329,Sunny,5,Poor
1330,Rainy,3,Excellent
1331,Cloudy,4,Average
1332,Rainy,2,Excellent
1333,Sunny,2,Excellent
1334,Cloudy,3,Excellent
1335,,,
1336,Cloudy,5,Good
1337,Rainy,4,Average
1338,Rainy,2,
1339,Sunny,4,Good
1340,Sunny,,Excellent
1341,Cloudy,4,Excellent
1342,Sunny,3,Bad
1343,Sunny,5,Poor
1344,Rainy,2,Average
1345,Rainy,5,Good
1346,Rainy,4,Excellent
1347,Rainy,2,
1348,Rainy,5,Excellent
1349,Rainy,3,Excellent
1350,Rainy,1,Excellent
1351,Cloudy,1,Average
1352,Rainy,3,Bad
1353,Rainy,,Average
1354,Rainy,3,Average
1355,Rainy,4,Poor
1356,Rainy,3,Poor
1357,Sunny,1,Bad
1358,,4,Poor
1359,Rainy,3,Bad
1360,Rainy,3,Excellent
1361,Rainy,4,Excellent
1362,Cloudy,2,Average
1363,Rainy,1,Excellent
1364,Cloudy,2,Poor
1365,Cloudy,4,Good
1366,Rainy,4,Average
1367,Sunny,,Bad
1368,Rainy,5,Excellent
1369,Rainy,4,Average
1370,Sunny,5,Average
1371,Sunny,,Average
1372,Rainy,2,Excellent
1373,,4,Bad
1374,Cloudy,3,Average
1375,Sunny,1,
1376,Cloudy,,Average
1377,Cloudy,5,Excellent
1378,Cloudy,5,Poor
1379,Cloudy,3,Bad
1380,Sunny,1,Average
1381,Sunny,4,
1382,Sunny,2,Average
1383,Rainy,5,Excellent
1384,Cloudy,3,Poor
1385,Rainy,5,Average
1386,Sunny,3,Average
1387,Sunny,1,
1388,,5,Bad
1389,Cloudy,3,Bad
1390,Sunny,3,Poor
1391,,5,Bad
1392,Cloudy,2,Average
1393,Sunny,4,Excellent
1394,Rainy,1,Average
1395,Cloudy,5,
1396,Rainy,5,Poor
1397,Cloudy,2,Bad
1398,Cloudy,1,Bad
1399,Sunny,5,Bad
1400,,2,Average
1401,Cloudy,4,Excellent
1402,Rainy,3,Excellent
1403,Cloudy,4,Average
1404,Rainy,4,Good
1405,Rainy,4,Average
1406,Sunny,4,Bad
1407,Cloudy,3,Average
1408,Cloudy,1,Good
1409,Cloudy,1,
1410,Cloudy,2,Bad
1411,Sunny,2,Poor
1412,Sunny,5,Excellent
1413,Cloudy,4,Good
1414,Rainy,4,Poor
1415,Sunny,3,Excellent
1416,Rainy,4,Poor
1417,,3,Average
1418,Rainy,5,Average
1419,Cloudy,2,Excellent
1420,Sunny,2,Excellent
1421,Cloudy,5,Average
1422,Rainy,5,
1423,Cloudy,4,
1424,Rainy,2,Excellent
1425,Cloudy,1,Excellent
1426,Cloudy,5,Bad
1427,Sunny,2,Bad
1428,Sunny,2,Average
1429,Rainy,3,Bad
1430,Rainy,2,Good
1431,Rainy,5,Average
1432,Cloudy,4,Good
1433,Rainy,2,
1434,Sunny,1,Good
1435,Rainy,5,Poor
1436,Rainy,4,Good
1437,Cloudy,4,Poor
1438,Sunny,5,Poor
1439,Rainy,4,Average
1440,Sunny,1,Excellent
1441,Rainy,,Excellent
1442,Sunny,,Average
1443,Rainy,2,Poor
1444,Rainy,2,Excellent
1445,Cloudy,4,Excellent
1446,Cloudy,5,Good
1447,Sunny,2,Bad
1448,Sunny,3,Average
1449,Sunny,1,Bad
1450,Sunny,4,Poor
1451,Cloudy,5,Good
1452,Sunny,5,Excellent
1453,,4,Good
1454,Rainy,2,Average
1455,Rainy,,Poor
1456,Cloudy,5,Good
1457,Sunny,3,
1458,Rainy,2,Good
1459,Rainy,4,Excellent
1460,Cloudy,5,Poor
1461,Cloudy,5,Excellent
1462,Cloudy,5,Good
1463,Rainy,3,Excellent
1464,Cloudy,2,Excellent
1465,Rainy,4,Average
1466,Sunny,2,Bad
1467,Rainy,5,Bad
1468,,3,Average
1469,Rainy,3,Average
1470,Sunny,5,Excellent
1471,Rainy,2,Excellent
1472,Rainy,2,
1473,Rainy,3,Bad
1474,Rainy,1,Excellent
1475,Cloudy,3,Poor
1476,Rainy,3,Bad
1477,Rainy,4,Poor
1478,Cloudy,3,Poor
1479,Cloudy,1,Average
1480,Cloudy,3,Good
1481,Cloudy,2,Good
1482,Cloudy,4,Good
1483,Cloudy,4,Poor
1484,Cloudy,3,Excellent
1485,Cloudy,4,Good
1486,Cloudy,4,Excellent
1487,Cloudy,3,
1488,Cloudy,,Good
1489,Sunny,3,Poor
1490,Rainy,2,Average
1491,Rainy,5,Poor
1492,Cloudy,1,Excellent
1493,Cloudy,3,Bad
1494,Sunny,,Poor
1495,Cloudy,5,Average
1496,Sunny,4,Average
1497,Rainy,4,
1498,,5,Good
1499,Cloudy,4,Poor
1500,Sunny,1,Poor
1501,Sunny,4,Average
1502,Rainy,5,Excellent
1503,Rainy,5,Poor
1504,Sunny,5,Average
1505,Sunny,2,Excellent
1506,Rainy,1,Good
1507,Sunny,,Good
1508,Rainy,1,Average
1509,Sunny,2,Average
1510,Cloudy,1,Good
1511,Rainy,3,Average
1512,Sunny,2,Bad
1513,Rainy,2,Poor
1514,Sunny,4,Bad
1515,Cloudy,5,Excellent
1516,Cloudy,2,Average
1517,Cloudy,1,
1518,Rainy,3,Excellent
1519,Cloudy,1,Poor
1520,Rainy,1,Good
1521,Cloudy,3,
1522,Rainy,4,Poor
1523,Cloudy,5,Good
1524,Sunny,2,Good
1525,Sunny,5,Average
1526,Rainy,4,Excellent
1527,Cloudy,3,Average
1528,Cloudy,5,Excellent
1529,Sunny,1,Average
1530,Cloudy,2,
1531,Cloudy,2,Average
1532,Rainy,4,Bad
1533,Sunny,4,Poor
1534,Cloudy,3,Poor
1535,Cloudy,4,Average
1536,Rainy,5,Poor
1537,,2,Good
1538,,3,Bad
1539,Rainy,4,Excellent
1540,Cloudy,1,Bad
1541,Cloudy,2,Average
1542,Cloudy,3,Poor
1543,Rainy,2,Poor
1544,Cloudy,5,Good
1545,Sunny,4,Poor
1546,Sunny,4,Average
1547,Cloudy,4,Average
1548,Rainy,1,Excellent
1549,,5,Bad
1550,Cloudy,1,Bad
1551,Sunny,5,Bad
1552,Sunny,5,Excellent
1553,Sunny,,Excellent
1554,Sunny,4,Excellent
1555,Cloudy,4,Good
1556,Sunny,4,Excellent
1557,Cloudy,1,Poor
1558,Sunny,3,Good
1559,Sunny,5,Poor
1560,Sunny,,Bad
1561,,4,Average
1562,,4,Bad
1563,Sunny,3,Excellent
1564,Rainy,4,Average
1565,,5,Bad
1566,Rainy,2,Good
1567,Cloudy,,Excellent
1568,Sunny,3,Bad
1569,Sunny,2,Average
1570,Rainy,5,Poor
1571,Rainy,5,Bad
1572,Sunny,5,Good
1573,,3,Average
1574,Rainy,2,Bad
1575,Sunny,5,Poor
1576,Rainy,4,Excellent
1577,Cloudy,2,Excellent
1578,Rainy,5,Excellent
1579,Sunny,2,Average
1580,Rainy,4,Poor
1581,Cloudy,1,Poor
1582,Sunny,5,Bad
1583,Sunny,4,Excellent
1584,Sunny,,
1585,Sunny,5,Excellent
1586,Cloudy,1,Excellent
1587,Sunny,4,Bad
1588,Cloudy,4,Bad
1589,Cloudy,2,Bad
1590,Rainy,,Good
1591,Rainy,1,Good
1592,Sunny,3,Average
1593,Sunny,2,Average
1594,,5,Bad
1595,Rainy,1,Poor
1596,Sunny,2,Average
1597,Sunny,1,Good
1598,Cloudy,1,Good
1599,Rainy,2,Excellent
1600,Sunny,,Bad
1601,Sunny,,Poor
1602,Sunny,2,Bad
1603,Sunny,5,Good
1604,Sunny,1,Poor
1605,Sunny,2,Average
1606,Rainy,5,Excellent
1607,Cloudy,5,
1608,Cloudy,3,Excellent
1609,Cloudy,5,Bad
1610,,5,Poor
1611,Cloudy,3,Bad
1612,Rainy,4,Excellent
1613,Sunny,2,Good
1614,Rainy,3,Excellent
1615,,5,Good
1616,,5,Excellent
1617,,2,Bad
1618,Rainy,1,Excellent
1619,Cloudy,3,Average
1620,Sunny,4,Bad
1621,Rainy,2,Excellent
1622,Rainy,2,Excellent
1623,Sunny,3,Poor
1624,Cloudy,5,Bad
1625,Sunny,5,Poor
1626,Rainy,,Bad
1627,Rainy,3,
1628,Rainy,2,Bad
1629,Sunny,3,Bad
1630,Rainy,1,Excellent
1631,Rainy,2,Average
1632,Cloudy,4,Bad
1633,Cloudy,4,Poor
1634,Rainy,,Average
1635,Cloudy,5,Bad
1636,Sunny,2,
1637,Cloudy,2,Good
1638,Cloudy,1,Average
1639,Cloudy,2,Good
1640,Cloudy,3,Average
1641,Sunny,3,Average
1642,Cloudy,4,Poor
1643,Rainy,5,Poor
1644,Cloudy,4,Excellent
1645,Cloudy,1,Average
1646,Rainy,2,Good
1647,Sunny,4,Average
1648,Rainy,2,Bad
1649,Rainy,4,Good
1650,Rainy,2,Bad
1651,Rainy,4,
1652,Cloudy,3,Bad
1653,Cloudy,1,Excellent
1654,Cloudy,4,Excellent
1655,Cloudy,3,Excellent
1656,Sunny,,Bad
1657,Cloudy,4,Excellent
1658,Cloudy,2,Excellent
1659,Sunny,1,Poor
1660,Rainy,3,
1661,Cloudy,3,Excellent
1662,Cloudy,,Good
1663,Rainy,4,Good
1664,Cloudy,2,Poor
1665,Rainy,5,Bad
1666,Rainy,4,Bad
1667,Rainy,1,Bad
1668,Cloudy,4,Excellent
1669,Rainy,4,Bad
1670,Cloudy,1,Bad
1671,Sunny,1,Average
1672,Rainy,5,Excellent
1673,Cloudy,1,Excellent
1674,Rainy,1,Good
1675,Cloudy,1,Good
1676,Cloudy,3,Average
1677,Sunny,1,Poor
1678,Rainy,1,
1679,Cloudy,1,Good
1680,Sunny,5,Bad
1681,Cloudy,4,Excellent
1682,Cloudy,1,Excellent
1683,Sunny,1,Excellent
1684,Rainy,5,Good
1685,Sunny,4,Average
1686,Rainy,5,Good
1687,Cloudy,2,Bad
1688,Cloudy,2,Bad
1689,Sunny,2,Poor
1690,Sunny,1,Good
1691,Sunny,5,Good
1692,Cloudy,1,Poor
1693,Rainy,2,Poor
1694,Sunny,4,Excellent
1695,Rainy,4,Excellent
1696,Sunny,5,Bad
1697,Sunny,4,Average
1698,Sunny,,Bad
1699,Sunny,5,Good
1700,Cloudy,5,Average
1701,Cloudy,2,Excellent
1702,Sunny,2,Poor
1703,Cloudy,2,Poor
1704,Cloudy,2,Bad
1705,Cloudy,5,
1706,Cloudy,4,Good
1707,Rainy,2,Poor
1708,Rainy,3,Bad
1709,Cloudy,5,Bad
1710,Rainy,1,Excellent
1711,Sunny,4,Excellent
1712,Rainy,5,Excellent
1713,Sunny,2,Average
1714,Rainy,3,Bad
1715,Rainy,1,Bad
1716,Sunny,4,Excellent
1717,Sunny,2,Poor
1718,Cloudy,5,Excellent
1719,Rainy,5,Average
1720,Sunny,4,Poor
1721,Cloudy,3,Bad
1722,Sunny,2,Average
1723,Cloudy,4,Average
1724,Cloudy,4,Poor
1725,Sunny,5,Excellent
1726,Sunny,4,Excellent
1727,Rainy,1,Good
1728,Rainy,1,Poor
1729,Cloudy,,Excellent
1730,Sunny,4,Average
1731,Rainy,5,Excellent
1732,Cloudy,2,Excellent
1733,Rainy,3,
1734,Cloudy,,Poor
1735,Rainy,3,Good
1736,Sunny,2,Excellent
1737,Cloudy,,Excellent
1738,Cloudy,5,Excellent
1739,Rainy,5,Poor
1740,Rainy,2,Average
1741,Rainy,5,Average
1742,Sunny,5,Average
1743,Rainy,2,Average
1744,Rainy,4,Average
1745,Sunny,2,Average
1746,,5,Excellent
1747,Sunny,2,Excellent
1748,,5,Average
1749,Rainy,3,Average
1750,Sunny,3,Poor
1751,Rainy,1,Poor
1752,Sunny,2,Bad
1753,Cloudy,2,Excellent
1754,Rainy,3,Average
1755,Cloudy,3,Excellent
1756,Cloudy,3,Bad
1757,Cloudy,1,Poor
1758,Cloudy,1,Bad
1759,Rainy,4,Good
1760,Sunny,2,Poor
1761,Rainy,1,Excellent
1762,Rainy,5,Poor
1763,Sunny,2,Bad
1764,Cloudy,4,Average
1765,Sunny,3,Bad
1766,Cloudy,4,Bad
1767,Rainy,2,Average
1768,Sunny,3,Excellent
1769,Sunny,4,Excellent
1770,,4,Poor
1771,Sunny,2,Bad
1772,Rainy,1,Poor
1773,Sunny,5,Average
1774,Sunny,4,Good
1775,Rainy,5,Excellent
1776,Cloudy,2,
1777,Sunny,2,Excellent
1778,Cloudy,1,Poor
1779,,3,Good
1780,Rainy,5,Bad
1781,Cloudy,4,Excellent
1782,Sunny,3,
1783,,5,Poor
1784,Sunny,,Excellent
1785,Rainy,3,Poor
1786,Rainy,3,Bad
1787,Sunny,1,Poor
1788,Sunny,4,Poor
1789,Cloudy,4,Poor
1790,Sunny,4,Average
1791,Cloudy,3,Average
1792,Sunny,1,Excellent
1793,Rainy,2,Poor
1794,Cloudy,1,Poor
1795,Cloudy,3,Poor
1796,Rainy,1,Average
1797,Cloudy,,Bad
1798,Rainy,,Poor
1799,Rainy,5,Good
1800,Rainy,2,Excellent
1801,Sunny,5,
1802,Rainy,2,Bad
1803,Cloudy,4,Good
1804,Sunny,3,Poor
1805,Rainy,4,Average
1806,Rainy,4,Poor
1807,Rainy,2,Excellent
1808,Cloudy,3,Average
1809,Sunny,2,Good
1810,Sunny,1,Bad
1811,Sunny,4,Bad
1812,Cloudy,3,Excellent
1813,Rainy,4,Bad
1814,Sunny,1,Bad
1815,Rainy,1,
1816,Cloudy,3,Good
1817,Sunny,3,Average
1818,Cloudy,,Average
1819,Sunny,4,Excellent
1820,Sunny,5,Poor
1821,Rainy,4,Excellent
1822,Cloudy,5,Excellent
1823,Sunny,2,Excellent
1824,Sunny,3,Excellent
1825,Cloudy,1,
1826,Rainy,2,Bad
1827,Cloudy,4,Good
1828,Sunny,5,Excellent
1829,Cloudy,3,Average
1830,Rainy,5,
1831,Rainy,4,Bad
1832,Rainy,4,Average
1833,Rainy,1,Bad
1834,,,Good
1835,Rainy,3,Poor
1836,Rainy,1,Bad
1837,,5,Poor
1838,,2,Poor
1839,Rainy,3,Average
1840,Cloudy,5,
1841,Cloudy,3,Poor
1842,Sunny,3,Excellent
1843,Cloudy,2,Poor
1844,Cloudy,5,Poor
1845,Rainy,1,Bad
1846,,1,Excellent
1847,Cloudy,1,Poor
1848,Rainy,3,Bad
1849,Sunny,4,
1850,Cloudy,2,Poor
1851,Cloudy,,Good
1852,Sunny,2,Good
1853,Sunny,3,Average
1854,Sunny,2,Good
1855,Sunny,1,Good
1856,Cloudy,1,Bad
1857,Rainy,3,Bad
1858,Rainy,3,Poor
1859,Rainy,5,Poor
1860,Rainy,3,Bad
1861,Sunny,4,Poor
1862,Rainy,,Bad
1863,Rainy,1,Good
1864,Cloudy,3,Poor
1865,Cloudy,4,Good
1866,Rainy,4,Average
1867,Sunny,5,Poor
1868,Rainy,3,Bad
1869,Sunny,5,Bad
1870,Cloudy,2,Average
1871,Sunny,5,Bad
1872,Rainy,2,Good
1873,Cloudy,2,
1874,,3,Average
1875,Rainy,2,Excellent
1876,Sunny,,Excellent
1877,Rainy,5,Good
1878,Rainy,3,Excellent
1879,Cloudy,3,Bad
1880,Sunny,2,Average
1881,Sunny,,Good
1882,Cloudy,5,Excellent
1883,Cloudy,,Bad
1884,Sunny,5,Bad
1885,Cloudy,,Poor
1886,Sunny,,Poor
1887,Cloudy,,Average
1888,Sunny,2,Good
1889,Sunny,3,Excellent
1890,Cloudy,,Excellent
1891,Rainy,5,Bad
1892,Rainy,3,Excellent
1893,Cloudy,4,Average
1894,Sunny,2,Poor
1895,Cloudy,2,Bad
1896,Rainy,1,Good
1897,Sunny,1,Bad
1898,Sunny,4,
1899,Sunny,1,Average
1900,Rainy,5,Good
1901,Rainy,5,Bad
1902,Sunny,2,
1903,Sunny,5,
1904,Rainy,1,Good
1905,Rainy,4,Excellent
1906,Sunny,5,
1907,,2,
1908,Cloudy,2,Poor
1909,Cloudy,1,Poor
1910,Rainy,5,
1911,Cloudy,1,Bad
1912,Cloudy,2,Bad
1913,Rainy,4,Average
1914,Cloudy,5,Good
1915,Sunny,4,Good
1916,Rainy,5,
1917,Sunny,,Excellent
1918,Cloudy,,Average
1919,Sunny,2,
1920,Rainy,3,Poor
1921,Cloudy,2,Average
1922,Rainy,2,Bad
1923,Cloudy,5,Poor
1924,Rainy,4,Average
1925,Rainy,2,Bad
1926,Sunny,5,Bad
1927,Rainy,2,Poor
1928,Rainy,1,Poor
1929,Sunny,1,Bad
1930,Cloudy,1,Excellent
1931,Cloudy,1,Poor
1932,Rainy,4,Good
1933,Sunny,2,Excellent
1934,Cloudy,1,Good
1935,Sunny,,Average
1936,Rainy,1,Poor
1937,Sunny,3,Poor
1938,Rainy,3,Bad
1939,Cloudy,4,Poor
1940,Cloudy,3,Good
1941,Cloudy,5,Excellent
1942,Cloudy,1,Average
1943,Sunny,3,Excellent
1944,Sunny,3,Good
1945,Sunny,4,Average
1946,Rainy,3,Bad
1947,Cloudy,1,Poor
1948,Cloudy,2,Poor
1949,,1,Bad
1950,Sunny,3,Good
1951,Sunny,3,Bad
1952,Cloudy,3,Good
1953,Rainy,4,Average
1954,Sunny,5,Excellent
1955,Cloudy,1,
1956,Cloudy,3,Bad
1957,Cloudy,2,Poor
1958,Rainy,4,Bad
1959,Cloudy,5,Poor
1960,Sunny,3,Bad
1961,Rainy,,Bad
1962,Rainy,2,Excellent
1963,,4,Poor
1964,Sunny,1,Excellent
1965,Sunny,1,Poor
1966,Cloudy,4,Average
1967,Cloudy,1,Average
1968,,2,Average
1969,Rainy,2,Good
1970,,1,Excellent
1971,Cloudy,3,Excellent
1972,Cloudy,1,Average
1973,Sunny,3,Bad
1974,,1,Excellent
1975,Sunny,5,Poor
1976,Sunny,2,Excellent
1977,Cloudy,1,Excellent
1978,Cloudy,2,Poor
1979,Sunny,4,Average
1980,Cloudy,5,Average
1981,Cloudy,3,Poor
1982,Sunny,,Excellent
1983,Rainy,5,Excellent
1984,Rainy,4,Average
1985,Sunny,2,Good
1986,Rainy,5,Average
1987,Cloudy,4,Poor
1988,Rainy,3,Good
1989,Sunny,5,Good
1990,Sunny,5,Poor
1991,Rainy,4,Bad
1992,Rainy,1,Average
1993,Cloudy,3,Excellent
1994,Rainy,3,Average
1995,Rainy,,Poor
1996,Rainy,2,Excellent
1997,Cloudy,,Bad
1998,Rainy,1,Poor
1999,Cloudy,1,Average
2000,Cloudy,4,Good
2001,Sunny,2,Poor
2002,,3,Poor
2003,Cloudy,2,Average
2004,Cloudy,4,Bad
2005,Cloudy,2,Average
2006,Sunny,,Average
2007,Cloudy,4,Bad
2008,Sunny,5,Bad
2009,Sunny,4,Poor
2010,Cloudy,3,Good
2011,Cloudy,4,Average
2012,,4,Good
2013,Sunny,4,Bad
2014,Rainy,4,Bad
2015,Cloudy,1,Average
2016,Rainy,5,Poor
2017,Rainy,4,Average
2018,,4,Poor
2019,Rainy,1,Excellent
2020,Rainy,2,
2021,Sunny,1,Average
2022,Sunny,1,Average
2023,Sunny,1,Poor
2024,Rainy,,
2025,Sunny,1,Poor
2026,Cloudy,1,
2027,Rainy,,Excellent
2028,Cloudy,4,Good
2029,Rainy,3,Excellent
2030,,3,Average
2031,Rainy,2,Good
2032,Rainy,4,Good
2033,Cloudy,1,Good
2034,Rainy,1,Poor
2035,Rainy,1,Poor
2036,Sunny,3,Good
2037,Rainy,1,Excellent
2038,Rainy,,Average
2039,Rainy,3,Average
2040,Rainy,1,Poor
2041,,2,Bad
2042,Rainy,5,Good
2043,Cloudy,2,
2044,Cloudy,4,Average
2045,Rainy,2,Poor
2046,Cloudy,,Poor
2047,Sunny,3,Poor
2048,Sunny,4,Poor
2049,Rainy,2,Poor
2050,Rainy,5,Good
2051,Cloudy,2,Bad
2052,Sunny,1,Average
2053,,3,Average
2054,Sunny,1,Poor
2055,,4,Poor
2056,Rainy,4,Poor
2057,Rainy,3,Excellent
2058,Rainy,2,Average
2059,Sunny,,Poor
2060,Cloudy,5,Bad
2061,Sunny,,Excellent
2062,Sunny,1,Good
2063,,,Excellent
2064,Cloudy,3,Excellent
2065,Cloudy,5,Excellent
2066,Rainy,3,Bad
2067,Cloudy,1,Average
2068,Rainy,2,Poor
2069,Rainy,3,Bad
2070,Cloudy,4,Bad
2071,Cloudy,1,Poor
2072,Cloudy,,Excellent
2073,Cloudy,5,Good
2074,Sunny,4,Excellent
2075,Rainy,5,Excellent
2076,Rainy,1,Average
2077,Rainy,3,Excellent
2078,Rainy,4,Good
2079,Sunny,1,Bad
2080,Cloudy,4,Excellent
2081,Cloudy,3,Bad
2082,Cloudy,2,Average
2083,Rainy,5,Good
2084,Sunny,5,Poor
2085,Sunny,1,Poor
2086,Cloudy,1,Average
2087,Rainy,3,Good
2088,Cloudy,1,Bad
2089,Rainy,1,Average
2090,Cloudy,1,Excellent
2091,,4,Bad
2092,Sunny,4,Excellent
2093,Rainy,2,Excellent
2094,Sunny,4,Bad
2095,Sunny,5,Excellent
2096,Cloudy,2,Poor
2097,Rainy,1,Bad
2098,Rainy,5,Average
2099,Cloudy,2,Poor
2100,Cloudy,2,Average
2101,Cloudy,5,Good
2102,Rainy,2,Average
2103,,5,Bad
2104,Cloudy,2,Average
2105,Sunny,2,Good
2106,Cloudy,2,Excellent
2107,Cloudy,5,Bad
2108,Rainy,2,Poor
2109,Cloudy,4,Poor
2110,Rainy,4,Average
2111,Sunny,4,Poor
2112,Sunny,4,
2113,Rainy,4,Poor
2114,,1,Average
2115,Rainy,2,Poor
2116,,3,Excellent
2117,,,Excellent
2118,Cloudy,5,Poor
2119,Rainy,1,
2120,Sunny,3,Poor
2121,Rainy,1,Excellent
2122,Cloudy,2,Excellent
2123,Rainy,4,Good
2124,Sunny,2,Average
2125,Rainy,1,Good
2126,Sunny,3,Bad
2127,Sunny,5,
2128,Cloudy,2,Poor
2129,Sunny,3,
2130,Rainy,5,Bad
2131,Rainy,4,Excellent
2132,Cloudy,2,Poor
2133,Rainy,2,Good
2134,Cloudy,4,Excellent
2135,Rainy,4,Poor
2136,Rainy,1,Excellent
2137,Sunny,5,Average
2138,Sunny,3,Poor
2139,Sunny,4,Poor
2140,Rainy,1,Excellent
2141,,5,Average
2142,Cloudy,5,Good
2143,Cloudy,2,Average
2144,Sunny,1,
2145,Rainy,1,Bad
2146,Sunny,2,Average
2147,Rainy,3,Good
2148,Rainy,4,Excellent
2149,Rainy,2,Good
2150,Sunny,4,
2151,Rainy,1,Good
2152,Sunny,2,
2153,,3,Good
2154,Rainy,4,Average
2155,Rainy,,Bad
2156,Rainy,4,Good
2157,Sunny,1,Good
2158,Rainy,4,
2159,Rainy,5,Good
2160,Cloudy,4,Average
2161,Cloudy,1,Poor
2162,Cloudy,2,Poor
2163,Rainy,4,Average
2164,Sunny,4,Good
2165,Cloudy,2,Average
2166,Sunny,5,
2167,Cloudy,1,Average
2168,Cloudy,2,Poor
2169,Sunny,1,Excellent
2170,Cloudy,2,Bad
2171,Sunny,3,Good
2172,Rainy,5,Average
2173,Rainy,3,Bad
2174,Sunny,2,Poor
2175,Sunny,,Good
2176,Rainy,1,Average
2177,Sunny,2,Average
2178,,1,Good
2179,Rainy,1,
2180,Sunny,2,Excellent
2181,Cloudy,1,Bad
2182,Sunny,5,Average
2183,Rainy,3,Bad
2184,Cloudy,2,Good
2185,Cloudy,1,Bad
2186,Rainy,1,Average
2187,Cloudy,1,Excellent
2188,Cloudy,1,Excellent
2189,Sunny,5,Good
2190,Rainy,2,
2191,Cloudy,2,Bad
2192,Rainy,5,
2193,Sunny,5,Excellent
2194,Sunny,5,Average
2195,Sunny,2,
2196,Cloudy,4,Poor
2197,Sunny,3,
2198,Rainy,5,Excellent
2199,,5,Poor
2200,Cloudy,2,
2201,Sunny,2,Average
2202,Cloudy,3,Bad
2203,Rainy,1,Average
2204,Sunny,2,Average
2205,Sunny,3,Excellent
2206,Rainy,2,Excellent
2207,,2,Bad
2208,Cloudy,2,
2209,Sunny,4,Poor
2210,Sunny,4,Poor
2211,Sunny,5,Average
2212,Sunny,4,Average
2213,Rainy,3,Bad
2214,Sunny,,Poor
2215,Sunny,4,Average
2216,Sunny,,Average
2217,Cloudy,,Excellent
2218,Cloudy,5,Good
2219,Cloudy,4,Bad
2220,Rainy,2,Good
2221,Rainy,1,Good
2222,Rainy,5,Bad
2223,Sunny,5,Poor
2224,Sunny,1,Average
2225,Rainy,4,Bad
2226,Cloudy,4,Average
2227,Sunny,2,Excellent
2228,Cloudy,3,Good
2229,Sunny,2,Excellent
2230,Sunny,2,Good
2231,Cloudy,2,Poor
2232,Rainy,1,Bad
2233,Cloudy,5,Poor
2234,Rainy,,Good
2235,Rainy,3,Excellent
2236,,4,Good
2237,Sunny,2,Poor
2238,Sunny,1,Poor
2239,Rainy,1,Excellent
2240,Rainy,2,Excellent
2241,Cloudy,1,Poor
2242,Sunny,1,Good
2243,Sunny,2,
2244,Rainy,3,Bad
2245,Sunny,1,Poor
2246,Rainy,5,Bad
2247,Cloudy,5,Poor
2248,,5,Bad
2249,Sunny,2,Average
2250,,5,Good
2251,Sunny,4,Good
2252,Sunny,1,Average
2253,,3,Excellent
2254,Rainy,5,Average
2255,Sunny,2,Good
2256,Cloudy,3,Poor
2257,Cloudy,2,Bad
2258,Sunny,3,Good
2259,Sunny,3,Average
2260,Cloudy,1,Poor
2261,Cloudy,3,Good
2262,Rainy,4,
2263,Rainy,4,Good
2264,Cloudy,4,Average
2265,Rainy,2,Average
2266,Rainy,1,Good
2267,Sunny,2,Poor
2268,Rainy,5,Good
2269,Rainy,4,Good
2270,,1,Poor
2271,Cloudy,4,Good
2272,Rainy,1,Bad
2273,Rainy,2,Bad
2274,Cloudy,2,Bad
2275,Rainy,4,
2276,Cloudy,3,Excellent
2277,Sunny,1,Good
2278,Cloudy,5,Excellent
2279,Cloudy,,Bad
2280,Cloudy,2,Poor
2281,Sunny,1,
2282,Cloudy,3,Good
2283,Cloudy,5,Excellent
2284,Sunny,3,Excellent
2285,,5,Average
2286,,2,Poor
2287,Cloudy,1,Bad
2288,,2,Poor
2289,Sunny,1,Good
2290,Cloudy,,
2291,Cloudy,2,Bad
2292,Rainy,1,Good
2293,Rainy,5,Poor
2294,Cloudy,1,Average
2295,Sunny,2,Bad
2296,Cloudy,2,Poor
2297,Sunny,3,Bad
2298,Rainy,5,Average
2299,Cloudy,1,Average
2300,Sunny,2,Poor
2301,,1,Bad
2302,Cloudy,4,Excellent
2303,Cloudy,5,Good
2304,Rainy,5,Average
2305,Cloudy,4,Bad
2306,Rainy,5,Poor
2307,Sunny,4,Poor
2308,Cloudy,1,
2309,Rainy,4,Average
2310,Rainy,3,Excellent
2311,Sunny,4,Poor
2312,Cloudy,1,
2313,Rainy,5,Good
2314,Rainy,3,Good
2315,Rainy,4,Excellent
2316,Cloudy,1,Bad
2317,Cloudy,,Good
2318,Sunny,3,Good
2319,Sunny,3,Bad
2320,Sunny,4,Bad
2321,Cloudy,1,Average
2322,Rainy,1,Good
2323,Cloudy,1,Good
2324,Cloudy,,
2325,Cloudy,5,Average
2326,Sunny,1,Average
2327,Rainy,2,
2328,Cloudy,2,Poor
2329,Sunny,3,Poor
2330,Cloudy,5,Bad
2331,Rainy,3,Average
2332,Sunny,5,Good
2333,Cloudy,3,Good
2334,Sunny,4,Good
2335,Rainy,5,Excellent
2336,Rainy,2,Poor
2337,Sunny,2,Excellent
2338,Cloudy,5,Good
2339,Rainy,3,Good
2340,Rainy,4,Average
2341,Cloudy,4,Average
2342,,1,Poor
2343,Sunny,5,Bad
2344,Cloudy,4,Good
2345,Rainy,3,Average
2346,Rainy,3,Poor
2347,Cloudy,2,Excellent
2348,Cloudy,4,Good
2349,Sunny,4,Bad
2350,Sunny,3,Poor
2351,Cloudy,2,Bad
2352,Rainy,4,Good
2353,Sunny,3,Poor
2354,Cloudy,2,Average
2355,,2,Bad
2356,Sunny,3,Excellent
2357,Cloudy,2,
2358,Cloudy,2,Bad
2359,Rainy,1,Good
2360,Rainy,2,Good
2361,Cloudy,4,Good
2362,Rainy,2,Excellent
2363,Cloudy,4,Excellent
2364,,3,Average
2365,Rainy,2,Good
2366,Sunny,3,Excellent
2367,Sunny,,
2368,Rainy,,Good
2369,Cloudy,3,Good
2370,Rainy,5,Excellent
2371,Sunny,4,Bad
2372,Cloudy,4,Excellent
2373,Rainy,4,Average
2374,Rainy,4,Poor
2375,Rainy,4,Good
2376,,1,Average
2377,,3,Bad
2378,Sunny,5,Poor
2379,Sunny,5,Excellent
2380,Sunny,,Good
2381,Cloudy,3,Excellent
2382,Cloudy,1,Average
2383,Cloudy,1,Good
2384,Rainy,3,Excellent
2385,Cloudy,4,Good
2386,Sunny,4,Average
2387,Sunny,3,Excellent
2388,,,Poor
2389,Cloudy,4,Bad
2390,Rainy,2,Excellent
2391,Rainy,1,Good
2392,Cloudy,4,Excellent
2393,Rainy,5,Good
2394,Cloudy,4,Average
2395,Cloudy,4,Bad
2396,Rainy,1,Good
2397,Sunny,2,Excellent
2398,Cloudy,2,Average
2399,Sunny,5,Poor
2400,,3,Excellent
2401,Cloudy,3,Bad
2402,Sunny,3,Average
2403,Rainy,5,Excellent
2404,Rainy,4,Good
2405,Sunny,2,Good
2406,Rainy,,Good
2407,Cloudy,4,Excellent
2408,,2,Bad
2409,Sunny,2,Good
2410,Rainy,3,Excellent
2411,Sunny,3,Excellent
2412,Rainy,1,Bad
2413,Cloudy,,Average
2414,Rainy,2,Average
2415,Rainy,3,Excellent
2416,Sunny,1,Average
2417,Cloudy,1,Poor
2418,Rainy,3,Bad
2419,Cloudy,,Excellent
2420,Rainy,4,Average
2421,Cloudy,4,Average
2422,Rainy,3,Bad
2423,Cloudy,3,Good
2424,Rainy,1,Average
2425,Cloudy,2,Bad
2426,Rainy,5,Good
2427,Rainy,4,Excellent
2428,Cloudy,4,Good
2429,Sunny,3,Average
2430,,2,Excellent
2431,Rainy,3,Excellent
2432,,1,Good
2433,Rainy,2,Excellent
2434,Cloudy,,Good
2435,Sunny,4,Good
2436,Rainy,3,Good
2437,Cloudy,3,Bad
2438,,5,Average
2439,,2,Excellent
2440,Sunny,4,Poor
2441,Sunny,5,Average
2442,Cloudy,5,Poor
2443,Rainy,3,Good
2444,Cloudy,2,Excellent
2445,Cloudy,3,Average
2446,,2,Poor
2447,Rainy,5,Poor
2448,Cloudy,,Poor
2449,Sunny,4,Average
2450,Sunny,5,Bad
2451,Rainy,3,Good
2452,Rainy,4,Excellent
2453,,5,Poor
2454,Rainy,2,Average
2455,Rainy,3,
2456,Cloudy,5,Average
2457,Rainy,2,Bad
2458,Sunny,2,Poor
2459,Rainy,2,Poor
2460,Cloudy,4,Excellent
2461,,3,Average
2462,Cloudy,2,Average
2463,Rainy,5,Bad
2464,Rainy,2,Poor
2465,Sunny,3,Excellent
2466,Sunny,4,Good
2467,Rainy,2,Excellent
2468,Rainy,5,Excellent
2469,Cloudy,3,Excellent
2470,Cloudy,2,Excellent
2471,,,Poor
2472,Rainy,1,Excellent
2473,Rainy,5,Average
2474,Cloudy,2,Average
2475,Rainy,2,Excellent
2476,Rainy,1,Average
2477,Rainy,3,Poor
2478,Cloudy,1,Good
2479,Cloudy,3,Excellent
2480,Cloudy,2,
2481,Rainy,1,Average
2482,Cloudy,2,
2483,Sunny,1,
2484,Sunny,2,Good
2485,Cloudy,,Bad
2486,Cloudy,2,Bad
2487,Rainy,4,Bad
2488,Cloudy,1,Good
2489,Cloudy,4,Excellent
2490,Sunny,2,Bad
2491,Sunny,5,Bad
2492,Sunny,3,Average
2493,Sunny,1,Average
2494,Cloudy,1,Excellent
2495,Sunny,3,Poor
2496,Rainy,4,Good
2497,Rainy,,Bad
2498,Cloudy,5,Good
2499,Rainy,2,Average
2500,Sunny,3,Good
